package	version	architecture
7zip	25.01+dfsg-1~deb13u2	armhf
ack	3.8.1-1	all
adduser	3.152	all
alsa-topology-conf	1.2.5.1-3	all
alsa-ucm-conf	1.2.14-1	all
alsa-utils	1.2.14-1+rpt1	armhf
apparmor	4.1.0-1	armhf
apt	3.0.3	armhf
apt-listchanges	4.8	all
apt-utils	3.0.3	armhf
avahi-daemon	0.8-16	armhf
base-files	13.8+rpi1+deb13u6	armhf
base-passwd	3.6.7	armhf
bash	5.2.37-2	armhf
bash-completion	1:2.16.0-7	all
binutils	2.44-3+rpi1	armhf
binutils-arm-linux-gnueabihf	2.44-3+rpi1	armhf
binutils-common:armhf	2.44-3+rpi1	armhf
bluez	5.82-1.1+rpt2	armhf
bluez-firmware	1.2-13+rpt2	all
bsdextrautils	2.41.5-0+deb13u1	armhf
bsdutils	1:2.41.5-0+deb13u1	armhf
build-essential	12.12	armhf
busybox	1:1.37.0-6	armhf
bzip2	1.0.8-6	armhf
ca-certificates	20250419	all
cifs-utils	2:7.4-1	armhf
cloud-guest-utils	0.33-1	all
cloud-init	25.2-1~bpo13+1+rpt20	all
console-setup	1.242~deb13u1	all
console-setup-linux	1.242~deb13u1	all
coreutils	9.7-3	armhf
cpio	2.15+dfsg-2	armhf
cpp	4:14.2.0-1+rpi1	armhf
cpp-14	14.2.0-19+rpi1	armhf
cpp-14-arm-linux-gnueabihf	14.2.0-19+rpi1	armhf
cpp-14-for-host:armhf	14.2.0-19+rpi1	armhf
cpp-arm-linux-gnueabihf	4:14.2.0-1+rpi1	armhf
cron	3.0pl1-197	armhf
cron-daemon-common	3.0pl1-197	all
curl	8.14.1-2+deb13u4	armhf
dash	0.5.12-12	armhf
dbus	1.16.2-2	armhf
dbus-bin	1.16.2-2	armhf
dbus-daemon	1.16.2-2	armhf
dbus-session-bus-common	1.16.2-2	all
dbus-system-bus-common	1.16.2-2	all
dbus-user-session	1.16.2-2	armhf
dconf-cli	0.40.0-5	armhf
debconf	1.5.91	all
debconf-i18n	1.5.91	all
debconf-utils	1.5.91	all
debianutils	5.23.2	armhf
device-tree-compiler	1.7.2-2+b1	armhf
dhcpcd-base	1:10.1.0-11+deb13u3	armhf
diffutils	1:3.10-4	armhf
dirmngr	2.4.7-21+deb13u1	armhf
distro-info-data	0.66+deb13u2	all
dmidecode	3.6-2	armhf
dmsetup	2:1.02.205-2	armhf
dns-root-data	2025080400~deb13u1	all
dnsmasq-base	2.91-1+deb13u1	armhf
dos2unix	7.5.2-1	armhf
dosfstools	4.2-1.2	armhf
dpkg	1.22.22+rpi1	armhf
dpkg-dev	1.22.22+rpi1	all
dracut-install	106-6	armhf
e2fsprogs	1.47.2-3	armhf
eatmydata	131-2	all
ed	1.21.1-1	armhf
eject	2.41.5-0+deb13u1	armhf
ethtool	1:6.14.2-1	armhf
exfatprogs	1.2.9-1+deb13u1	armhf
fakeroot	1.37.1.1-1	armhf
fbset	2.1-34	armhf
fdisk	2.41.5-0+deb13u1	armhf
file	1:5.46-5	armhf
findutils	4.10.0-3	armhf
firmware-atheros	1:20260519-1~bpo13+1+rpt1	all
firmware-brcm80211	1:20260519-1~bpo13+1+rpt1	all
firmware-libertas	1:20260519-1~bpo13+1+rpt1	all
firmware-mediatek	1:20260519-1~bpo13+1+rpt1	all
firmware-realtek	1:20260519-1~bpo13+1+rpt1	all
flashrom	1.4.0-3+rpt1	armhf
fuse3	3.17.2-3+rpi1	armhf
g++	4:14.2.0-1+rpi1	armhf
g++-14	14.2.0-19+rpi1	armhf
g++-14-arm-linux-gnueabihf	14.2.0-19+rpi1	armhf
g++-arm-linux-gnueabihf	4:14.2.0-1+rpi1	armhf
gcc	4:14.2.0-1+rpi1	armhf
gcc-10-base:armhf	10.4.0-7+rpi1	armhf
gcc-14	14.2.0-19+rpi1	armhf
gcc-14-arm-linux-gnueabihf	14.2.0-19+rpi1	armhf
gcc-14-base:armhf	14.2.0-19+rpi1	armhf
gcc-14-for-host:armhf	14.2.0-19+rpi1	armhf
gcc-7-base:armhf	7.5.0-6+rpi1+b2	armhf
gcc-8-base:armhf	8.4.0-7+rpi1	armhf
gcc-9-base:armhf	9.4.0-2+rpi1+b1	armhf
gcc-arm-linux-gnueabihf	4:14.2.0-1+rpi1	armhf
gdb	16.2-8	armhf
gdisk	1.0.10-2	armhf
gettext-base	0.23.1-2	armhf
gnupg	2.4.7-21+deb13u1	all
gnupg-l10n	2.4.7-21+deb13u1	all
gpg	2.4.7-21+deb13u1	armhf
gpg-agent	2.4.7-21+deb13u1	armhf
gpg-wks-client	2.4.7-21+deb13u1	armhf
gpgconf	2.4.7-21+deb13u1	armhf
gpgsm	2.4.7-21+deb13u1	armhf
gpgv	2.4.7-21+deb13u1	armhf
gpiod	2.2.1-2+rpi1+deb13u1	armhf
grep	3.11-4	armhf
groff-base	1.23.0-9	armhf
gzip	1.13-1	armhf
hostname	3.25	armhf
htop	3.4.1-5	armhf
init	1.69~deb13u1	armhf
init-system-helpers	1.69~deb13u1	all
initramfs-tools	0.148.4+rpt2	all
initramfs-tools-bin	0.148.4+rpt2	armhf
initramfs-tools-core	0.148.4+rpt2	all
inotify-tools	4.23.9.0-2	armhf
install-info	7.1.1-1+b1	armhf
iproute2	6.15.0-1	armhf
iptables	1.8.11-2	armhf
iputils-arping	3:20240905-3	armhf
iputils-ping	3:20240905-3	armhf
isc-dhcp-client	4.4.3-P1-8	armhf
isc-dhcp-common	4.4.3-P1-8	armhf
iso-codes	4.18.0-1	all
iw	6.9-1	armhf
kbd	2.7.1-2	armhf
keyboard-configuration	1.242~deb13u1	all
klibc-utils	2.0.14-1+rpi1	armhf
kmod	34.2-2+rpi1+~rpt1	armhf
kms++-utils	0~git20250807.1813ada-1	armhf
less	668-1	armhf
libabsl20240722:armhf	20240722.0-4	armhf
libacl1:armhf	2.3.2-2+rpi1	armhf
libalgorithm-diff-perl	1.201-1	all
libalgorithm-diff-xs-perl	0.04-9	armhf
libalgorithm-merge-perl	0.08-5	all
libapparmor1:armhf	4.1.0-1	armhf
libapt-pkg7.0:armhf	3.0.3	armhf
libasan8:armhf	14.2.0-19+rpi1	armhf
libasound2-data	1.2.14-1+rpt1	all
libasound2t64:armhf	1.2.14-1+rpt1	armhf
libassuan9:armhf	3.0.2-2	armhf
libatasmart4:armhf	0.19-5	armhf
libatomic1:armhf	14.2.0-19+rpi1	armhf
libatopology2t64:armhf	1.2.14-1+rpt1	armhf
libattr1:armhf	1:2.5.2-3	armhf
libaudit-common	1:4.0.2-2	all
libaudit1:armhf	1:4.0.2-2+b1	armhf
libavahi-common-data:armhf	0.8-16	armhf
libavahi-common3:armhf	0.8-16	armhf
libavahi-core7:armhf	0.8-16	armhf
libb2-1:armhf	0.98.1-1.1+b1	armhf
libbabeltrace1:armhf	1.5.11-4+b1	armhf
libbinutils:armhf	2.44-3+rpi1	armhf
libblkid1:armhf	2.41.5-0+deb13u1	armhf
libblockdev-crypto3:armhf	3.3.0-2.1	armhf
libblockdev-fs3:armhf	3.3.0-2.1	armhf
libblockdev-loop3:armhf	3.3.0-2.1	armhf
libblockdev-mdraid3:armhf	3.3.0-2.1	armhf
libblockdev-nvme3:armhf	3.3.0-2.1	armhf
libblockdev-part3:armhf	3.3.0-2.1	armhf
libblockdev-swap3:armhf	3.3.0-2.1	armhf
libblockdev-utils3:armhf	3.3.0-2.1	armhf
libblockdev3:armhf	3.3.0-2.1	armhf
libbluetooth3:armhf	5.82-1.1+rpt2	armhf
libboost-filesystem1.83.0:armhf	1.83.0-4.2	armhf
libboost-log1.83.0	1.83.0-4.2	armhf
libboost-program-options1.83.0:armhf	1.83.0-4.2	armhf
libboost-thread1.83.0:armhf	1.83.0-4.2	armhf
libbpf1:armhf	1:1.5.0-3	armhf
libbrotli1:armhf	1.1.0-2+b2	armhf
libbsd0:armhf	0.12.2-2	armhf
libbytesize-common	2.11-2	all
libbytesize1:armhf	2.11-2	armhf
libbz2-1.0:armhf	1.0.8-6	armhf
libc-bin	2.41-12+rpt1+deb13u3	armhf
libc-dev-bin	2.41-12+rpt1+deb13u3	armhf
libc-l10n	2.41-12+rpt1+deb13u3	all
libc6:armhf	2.41-12+rpt1+deb13u3	armhf
libc6-dev:armhf	2.41-12+rpt1+deb13u3	armhf
libcamera-ipa:armhf	0.7.2+rpt20260817-1	armhf
libcamera0.7:armhf	0.7.2+rpt20260817-1	armhf
libcap-ng0:armhf	0.8.5-4+b1	armhf
libcap2:armhf	1:2.75-10+deb13u1	armhf
libcap2-bin	1:2.75-10+deb13u1	armhf
libcbor0.10:armhf	0.10.2-2	armhf
libcc1-0:armhf	14.2.0-19+rpi1	armhf
libcom-err2:armhf	1.47.2-3	armhf
libcpuinfo0:armhf	0.0~git20250327.39ea79a-1	armhf
libcrypt-dev:armhf	1:4.4.38-1	armhf
libcrypt1:armhf	1:4.4.38-1	armhf
libcryptsetup12:armhf	2:2.7.5-2+b2	armhf
libctf-nobfd0:armhf	2.44-3+rpi1	armhf
libctf0:armhf	2.44-3+rpi1	armhf
libcurl3t64-gnutls:armhf	8.14.1-2+deb13u4	armhf
libcurl4t64:armhf	8.14.1-2+deb13u4	armhf
libdaemon0:armhf	0.14-7.1	armhf
libdb5.3t64:armhf	5.3.28+dfsg2-9	armhf
libdbus-1-3:armhf	1.16.2-2	armhf
libdconf1:armhf	0.40.0-5	armhf
libdebconfclient0:armhf	0.280	armhf
libdebuginfod-common	0.192-4+rpi1	all
libdebuginfod1t64:armhf	0.192-4+rpi1	armhf
libdeflate0:armhf	1.23-2	armhf
libdevmapper1.02.1:armhf	2:1.02.205-2	armhf
libdouble-conversion3:armhf	3.3.1-1	armhf
libdpkg-perl	1.22.22+rpi1	all
libdrm-common	2.4.134-3~bpo13+1+rpt1	all
libdrm-omap1:armhf	2.4.134-3~bpo13+1+rpt1	armhf
libdrm2:armhf	2.4.134-3~bpo13+1+rpt1	armhf
libdtovl0:armhf	20260626-1	armhf
libduktape207:armhf	2.7.0-2	armhf
libdvdread8t64:armhf	6.1.3-2	armhf
libdw1t64:armhf	0.192-4+rpi1	armhf
libeatmydata1:armhf	131-2	armhf
libebml5:armhf	1.4.5-1	armhf
libedit2:armhf	3.1-20250104-1	armhf
libelf1t64:armhf	0.192-4+rpi1	armhf
libexif12:armhf	0.6.25-1+deb13u1	armhf
libexpat1:armhf	2.8.3-1~deb13u1	armhf
libext2fs2t64:armhf	1.47.2-3	armhf
libfakeroot:armhf	1.37.1.1-1	armhf
libfarmhash0:armhf	0~git20190513.0d859a8-3	armhf
libfdisk1:armhf	2.41.5-0+deb13u1	armhf
libfdt1:armhf	1.7.2-2+b1	armhf
libffi8:armhf	3.4.8-2	armhf
libfftw3-single3:armhf	3.3.10-2	armhf
libfido2-1:armhf	1.15.0-1	armhf
libfile-fcntllock-perl	0.22-4+b4	armhf
libfile-next-perl	1.18-2	all
libflac14:armhf	1.5.0+ds-2	armhf
libfmt10:armhf	10.1.1+ds1-4	armhf
libfribidi0:armhf	1.0.16-1	armhf
libftdi1-2:armhf	1.5-10	armhf
libfuse3-4:armhf	3.17.2-3+rpi1	armhf
libgcc-14-dev:armhf	14.2.0-19+rpi1	armhf
libgcc-s1:armhf	14.2.0-19+rpi1	armhf
libgcrypt20:armhf	1.11.0-7+deb13u1	armhf
libgdbm-compat4t64:armhf	1.24-2	armhf
libgdbm6t64:armhf	1.24-2	armhf
libglib2.0-0t64:armhf	2.84.4-3~deb13u3	armhf
libglib2.0-data	2.84.4-3~deb13u3	all
libgmp10:armhf	2:6.3.0+dfsg-3	armhf
libgnutls30t64:armhf	3.8.9-3+deb13u4	armhf
libgomp1:armhf	14.2.0-19+rpi1	armhf
libgpg-error0:armhf	1.51-4	armhf
libgpgme11t64:armhf	1.24.2-3	armhf
libgpiod3:armhf	2.2.1-2+rpi1+deb13u1	armhf
libgpiolib0:armhf	20260626-1	armhf
libgssapi-krb5-2:armhf	1.21.3-5+deb13u1	armhf
libgudev-1.0-0:armhf	238-6	armhf
libhidapi-hidraw0:armhf	0.14.0-1	armhf
libhogweed6t64:armhf	3.10.1-1	armhf
libicu76:armhf	76.1-4	armhf
libidn2-0:armhf	2.3.8-2	armhf
libinotifytools0:armhf	4.23.9.0-2	armhf
libip4tc2:armhf	1.8.11-2	armhf
libip6tc2:armhf	1.8.11-2	armhf
libisl23:armhf	0.27-1	armhf
libiw30t64:armhf	30~pre9-18	armhf
libjansson4:armhf	2.14-2	armhf
libjaylink0:armhf	0.4.0-1	armhf
libjbig0:armhf	2.1-6.1+b1	armhf
libjim0.83:armhf	0.83-2	armhf
libjpeg62-turbo:armhf	1:2.1.5-4	armhf
libjson-c5:armhf	0.18+ds-1	armhf
libk5crypto3:armhf	1.21.3-5+deb13u1	armhf
libkeyutils1:armhf	1.6.3-6+rpi1	armhf
libklibc:armhf	2.0.14-1+rpi1	armhf
libkmod2:armhf	34.2-2+rpi1+~rpt1	armhf
libkms++0:armhf	0~git20250807.1813ada-1	armhf
libkrb5-3:armhf	1.21.3-5+deb13u1	armhf
libkrb5support0:armhf	1.21.3-5+deb13u1	armhf
libksba8:armhf	1.6.7-2	armhf
liblastlog2-2:armhf	2.41.5-0+deb13u1	armhf
libldap2:armhf	2.6.10+dfsg-1	armhf
liblerc4:armhf	4.0.0+ds-5	armhf
liblgpio1:armhf	0.2.2-1~rpt1+trixie	armhf
liblocale-gettext-perl	1.07-7+b1	armhf
liblttng-ust-common1t64:armhf	2.13.9-1	armhf
liblttng-ust-ctl5t64:armhf	2.13.9-1	armhf
liblttng-ust1t64:armhf	2.13.9-1	armhf
libluajit-5.1-2:armhf	2.1.0+openresty20250117-2	armhf
libluajit-5.1-common	2.1.0+openresty20250117-2	all
liblz4-1:armhf	1.10.0-4	armhf
liblzma5:armhf	5.8.1-1+deb13u1	armhf
libmagic-mgc	1:5.46-5	armhf
libmagic1t64:armhf	1:5.46-5	armhf
libmatroska7:armhf	1.7.1-1	armhf
libmd0:armhf	1.1.0-2	armhf
libmm-glib0:armhf	1.24.0-1+deb13u1	armhf
libmnl0:armhf	1.0.5-3	armhf
libmount1:armhf	2.41.5-0+deb13u1	armhf
libmpc3:armhf	1.3.1-1	armhf
libmpfr6:armhf	4.2.2-1	armhf
libmtp-common	1.1.22-1	all
libmtp-runtime	1.1.22-1	armhf
libmtp9t64:armhf	1.1.22-1	armhf
libncursesw6:armhf	6.5+20250216-2	armhf
libndp0:armhf	1.9-1	armhf
libnetfilter-conntrack3:armhf	1.1.0-1	armhf
libnetplan1:armhf	1.1.2-7+rpt1	armhf
libnettle8t64:armhf	3.10.1-1	armhf
libnewt0.52:armhf	0.52.25-1	armhf
libnfnetlink0:armhf	1.0.2-3	armhf
libnftables1:armhf	1.1.3-1	armhf
libnftnl11:armhf	1.2.9-1	armhf
libnghttp2-14:armhf	1.64.0-1.1+deb13u1	armhf
libnghttp3-9:armhf	1.8.0-1	armhf
libngtcp2-16:armhf	1.11.0-1+deb13u1	armhf
libngtcp2-crypto-gnutls8:armhf	1.11.0-1+deb13u1	armhf
libnl-3-200:armhf	3.7.0-2	armhf
libnl-genl-3-200:armhf	3.7.0-2	armhf
libnl-route-3-200:armhf	3.7.0-2	armhf
libnm0:armhf	1.52.1-1+rpt4	armhf
libnpth0t64:armhf	1.8-3	armhf
libnspr4:armhf	2:4.36-1	armhf
libnss-mdns:armhf	0.15.1-4	armhf
libnss3:armhf	2:3.110-1+deb13u4	armhf
libntfs-3g89t64:armhf	1:2022.10.3-5+deb13u2	armhf
libnvme1t64	1.13-2	armhf
libogg0:armhf	1.3.5-3	armhf
libossp-uuid16:armhf	1.6.4-1	armhf
libp11-kit0:armhf	0.25.5-3	armhf
libpam-chksshpwd:armhf	2.0	armhf
libpam-modules:armhf	1.7.0-5	armhf
libpam-modules-bin	1.7.0-5	armhf
libpam-runtime	1.7.0-5	all
libpam-systemd:armhf	257.9-1~deb13u1+rpi1	armhf
libpam0g:armhf	1.7.0-5	armhf
libparted2t64:armhf	3.6-5	armhf
libpcap0.8t64:armhf	1.10.5-2	armhf
libpci3:armhf	1:3.13.0-2	armhf
libpcre2-16-0:armhf	10.46-1~deb13u1+rpi1	armhf
libpcre2-8-0:armhf	10.46-1~deb13u1+rpi1	armhf
libpcsclite1:armhf	2.3.3-1	armhf
libperl5.40:armhf	5.40.1-6	armhf
libpipeline1:armhf	1.5.8-1	armhf
libpisp-common	1.7.0-1	all
libpisp1:armhf	1.7.0-1	armhf
libpkgconf3:armhf	1.8.1-4	armhf
libpng16-16t64:armhf	1.6.48-1+deb13u5	armhf
libpolkit-agent-1-0:armhf	126-2	armhf
libpolkit-gobject-1-0:armhf	126-2	armhf
libpopt0:armhf	1.19+dfsg-2	armhf
libproc2-0:armhf	2:4.0.4-9	armhf
libpsl5t64:armhf	0.21.2-1.1	armhf
libpugixml1v5:armhf	1.14-2	armhf
libpython3-stdlib:armhf	3.13.5-1	armhf
libpython3.13:armhf	3.13.5-2+deb13u3	armhf
libpython3.13-minimal:armhf	3.13.5-2+deb13u3	armhf
libpython3.13-stdlib:armhf	3.13.5-2+deb13u3	armhf
libqt6core6t64:armhf	6.8.2+dfsg-9+rpi1+deb13u1	armhf
libreadline8t64:armhf	8.2-6	armhf
librpicam-app1:armhf	1.13.0-1	armhf
librpieepromab0:armhf	20260626-1	armhf
librpifwcrypto0:armhf	20260626-1	armhf
librtmp1:armhf	2.4+20151223.gitfa8646d.1-2+b4	armhf
libsamplerate0:armhf	0.2.2-4	armhf
libsasl2-2:armhf	2.1.28+dfsg1-9	armhf
libsasl2-modules-db:armhf	2.1.28+dfsg1-9	armhf
libseccomp2:armhf	2.6.0-2+rpi1	armhf
libselinux1:armhf	3.8.1-1	armhf
libsemanage-common	3.8.1-1	all
libsemanage2:armhf	3.8.1-1	armhf
libsepol2:armhf	3.8.1-1	armhf
libsframe1:armhf	2.44-3+rpi1	armhf
libsharpyuv0:armhf	1.5.0-0.1	armhf
libsigc++-1.2-5c2	1.2.7-2+b1	armhf
libslang2:armhf	2.3.3-5	armhf
libsmartcols1:armhf	2.41.5-0+deb13u1	armhf
libsource-highlight-common	3.1.9-4.3	all
libsource-highlight4t64:armhf	3.1.9-4.3	armhf
libsqlite3-0:armhf	3.46.1-7+deb13u1	armhf
libss2:armhf	1.47.2-3	armhf
libssh2-1t64:armhf	1.11.1-1+deb13u1	armhf
libssl3t64:armhf	3.5.7-1~deb13u2	armhf
libstdc++-14-dev:armhf	14.2.0-19+rpi1	armhf
libstdc++6:armhf	14.2.0-19+rpi1	armhf
libsystemd-shared:armhf	257.9-1~deb13u1+rpi1	armhf
libsystemd0:armhf	257.9-1~deb13u1+rpi1	armhf
libtalloc2:armhf	2:2.4.3+samba4.22.10+dfsg-0+deb13u2+rpi1	armhf
libtasn1-6:armhf	4.20.0-2+deb13u1	armhf
libteamdctl0:armhf	1.31-1	armhf
libtensorflow-lite2.20.0:armhf	2.20.0-1+rpt1	armhf
libtext-charwidth-perl:armhf	0.04-11+b3	armhf
libtext-iconv-perl:armhf	1.7-8+b3	armhf
libtext-wrapi18n-perl	0.06-10	all
libtiff6:armhf	4.7.0-3+deb13u3	armhf
libtinfo6:armhf	6.5+20250216-2	armhf
libtirpc-common	1.3.6+ds-1	all
libtirpc3t64:armhf	1.3.6+ds-1	armhf
libubsan1:armhf	14.2.0-19+rpi1	armhf
libuchardet0:armhf	0.0.8-1	armhf
libudev1:armhf	257.9-1~deb13u1+rpi1	armhf
libudisks2-0:armhf	2.10.1-12.1+deb13u2	armhf
libunistring5:armhf	1.3-2	armhf
libusb-1.0-0:armhf	2:1.0.28-1	armhf
libuuid1:armhf	2.41.5-0+deb13u1	armhf
libv4l-0t64:armhf	1.30.1-1	armhf
libv4l2rds0t64:armhf	1.30.1-1	armhf
libv4lconvert0t64:armhf	1.30.1-1	armhf
libvolume-key1:armhf	0.3.12-9	armhf
libvorbis0a:armhf	1.3.7-3	armhf
libwbclient0:armhf	2:4.22.10+dfsg-0+deb13u2+rpi1	armhf
libwebp7:armhf	1.5.0-0.1	armhf
libwrap0:armhf	7.6.q-36	armhf
libwtmpdb0:armhf	0.73.0-3+deb13u1	armhf
libx11-6:armhf	2:1.8.12-1	armhf
libx11-data	2:1.8.12-1	all
libxau6:armhf	1:1.0.11-1	armhf
libxcb1:armhf	1.17.0-2	armhf
libxdmcp6:armhf	1:1.1.5-1	armhf
libxext6:armhf	2:1.3.4-1+b1	armhf
libxml2:armhf	2.12.7+dfsg+really2.9.14-2.1+deb13u3	armhf
libxmuu1:armhf	2:1.1.3-3+b2	armhf
libxtables12:armhf	1.8.11-2	armhf
libxxhash0:armhf	0.8.3-2	armhf
libyaml-0-2:armhf	0.2.5-2	armhf
libzstd1:armhf	1.5.7+dfsg-1	armhf
linux-base	4.12.1	all
linux-base-6.18.34+rpt-rpi-v6	1:6.18.34-1+rpt1	armhf
linux-base-6.18.34+rpt-rpi-v7	1:6.18.34-1+rpt1	armhf
linux-base-6.18.34+rpt-rpi-v8:arm64	1:6.18.34-1+rpt1	arm64
linux-base-6.18.39+rpt-rpi-v6	1:6.18.39-1+rpt1	armhf
linux-base-6.18.39+rpt-rpi-v7	1:6.18.39-1+rpt1	armhf
linux-base-rpi-v6	1:6.18.39-1+rpt1	armhf
linux-base-rpi-v7	1:6.18.39-1+rpt1	armhf
linux-base-rpi-v8:arm64	1:6.18.34-1+rpt1	arm64
linux-headers-6.18.34+rpt-common-rpi	1:6.18.34-1+rpt1	all
linux-headers-6.18.34+rpt-rpi-v6	1:6.18.34-1+rpt1	armhf
linux-headers-6.18.34+rpt-rpi-v7	1:6.18.34-1+rpt1	armhf
linux-headers-6.18.39+rpt-common-rpi	1:6.18.39-1+rpt1	all
linux-headers-6.18.39+rpt-rpi-v6	1:6.18.39-1+rpt1	armhf
linux-headers-6.18.39+rpt-rpi-v7	1:6.18.39-1+rpt1	armhf
linux-headers-rpi-v6	1:6.18.39-1+rpt1	armhf
linux-headers-rpi-v7	1:6.18.39-1+rpt1	armhf
linux-image-6.18.34+rpt-rpi-v6	1:6.18.34-1+rpt1	armhf
linux-image-6.18.34+rpt-rpi-v7	1:6.18.34-1+rpt1	armhf
linux-image-6.18.34+rpt-rpi-v8:arm64	1:6.18.34-1+rpt1	arm64
linux-image-6.18.39+rpt-rpi-v6	1:6.18.39-1+rpt1	armhf
linux-image-6.18.39+rpt-rpi-v7	1:6.18.39-1+rpt1	armhf
linux-image-rpi-v6	1:6.18.39-1+rpt1	armhf
linux-image-rpi-v7	1:6.18.39-1+rpt1	armhf
linux-image-rpi-v8:arm64	1:6.18.34-1+rpt1	arm64
linux-kbuild-6.18.34+rpt	1:6.18.34-1+rpt1	armhf
linux-kbuild-6.18.39+rpt	1:6.18.39-1+rpt1	armhf
linux-libc-dev	1:6.18.39-1+rpt1	all
linux-sysctl-defaults	4.12.1	all
locales	2.41-12+rpt1+deb13u3	all
login	1:4.16.0-2+really2.41.5-0+deb13u1	armhf
login.defs	1:4.17.4-2	all
logrotate	3.22.0-1	armhf
logsave	1.47.2-3	armhf
lsb-base	11.6+rpi1	all
lsb-release	12.1-1	all
lua5.1	5.1.5-11	armhf
luajit	2.1.0+openresty20250117-2	armhf
make	4.4.1-2	armhf
man-db	2.13.1-1	armhf
manpages	6.9.1-1	all
manpages-dev	6.9.1-1	all
mawk	1.3.4.20250131-1	armhf
media-types	13.0.0	all
mkvtoolnix	92.0-1	armhf
mount	2.41.5-0+deb13u1	armhf
nano	8.4-1+deb13u1	armhf
ncdu	1.22-1	armhf
ncurses-base	6.5+20250216-2	all
ncurses-bin	6.5+20250216-2	armhf
ncurses-term	6.5+20250216-2	all
net-tools	2.10-1.3	armhf
netbase	6.5	all
netcat-openbsd	1.229-1	armhf
netplan-generator	1.1.2-7+rpt1	armhf
netplan.io	1.1.2-7+rpt1	armhf
network-manager	1.52.1-1+rpt4	armhf
network-manager-l10n	1.52.1-1+rpt4	all
nftables	1.1.3-1	armhf
ntfs-3g	1:2022.10.3-5+deb13u2	armhf
openssh-client	1:10.0p1-7+deb13u4	armhf
openssh-server	1:10.0p1-7+deb13u4	armhf
openssh-sftp-server	1:10.0p1-7+deb13u4	armhf
openssl	3.5.7-1~deb13u2	armhf
openssl-provider-legacy	3.5.7-1~deb13u2	armhf
p7zip-full	16.02+transitional.1	all
pahole	1.30-1	armhf
parted	3.6-5	armhf
passwd	1:4.17.4-2	armhf
pastebinit	1.7.1-1+~rpt2	all
patch	2.8-2	armhf
paxctld	1.2.1-1	armhf
pci.ids	0.0~2025.06.09-1	all
pciutils	1:3.13.0-2	armhf
perl	5.40.1-6	armhf
perl-base	5.40.1-6	armhf
perl-modules-5.40	5.40.1-6	all
pinentry-curses	1.3.1-2	armhf
pkg-config:armhf	1.8.1-4	armhf
pkgconf:armhf	1.8.1-4	armhf
pkgconf-bin	1.8.1-4	armhf
polkitd	126-2	armhf
ppp	2.5.2-1+1	armhf
procps	2:4.0.4-9	armhf
psmisc	23.7-2	armhf
publicsuffix	20250328.1952-0.1	all
python-apt-common	3.0.0	all
python-babel-localedata	2.17.0-1	all
python-is-python3	3.13.3-1	all
python3	3.13.5-1	armhf
python3-apt	3.0.0	armhf
python3-arrow	1.3.0-1.1	all
python3-attr	25.3.0-1	all
python3-babel	2.17.0-1	all
python3-bcrypt	4.2.0-2.1+b1	armhf
python3-blinker	1.9.0-1	all
python3-certifi	2025.1.31+ds-1	all
python3-cffi-backend:armhf	1.17.1-3	armhf
python3-chardet	5.2.0+dfsg-2	all
python3-charset-normalizer	3.4.2-1	armhf
python3-colorzero	2.0-4	all
python3-configobj	5.0.9-1	all
python3-cryptography	43.0.0-3+deb13u1	armhf
python3-dateutil	2.9.0-4	all
python3-debconf	1.5.91	all
python3-distro	1.9.0-1	all
python3-fqdn	1.5.1-2	all
python3-gpiozero	2.0.1-0+rpt1+trixie	all
python3-idna	3.10-1+deb13u1	all
python3-isoduration	20.11.0+git20211126.ae0bd61-2	all
python3-jinja2	3.1.6-1	all
python3-json-pointer	2.4-3	all
python3-jsonpatch	1.32-5	all
python3-jsonschema	4.19.2-6	all
python3-jsonschema-specifications	2023.12.1-2	all
python3-jwt	2.10.1-2+deb13u1	all
python3-lgpio	0.2.2-1~rpt1+trixie	armhf
python3-libgpiod	2.2.1-2+rpi1+deb13u1	armhf
python3-linkify-it	2.0.3-1	all
python3-markdown-it	3.0.0-3	all
python3-markupsafe	2.1.5-1+b1	armhf
python3-mdurl	0.1.2-1	all
python3-minimal	3.13.5-1	armhf
python3-netplan	1.1.2-7+rpt1	armhf
python3-oauthlib	3.2.2-3	all
python3-pip-whl	25.1.1+dfsg-1+rpt1	all
python3-pycryptodome	3.20.0+dfsg-3	armhf
python3-pygments	2.18.0+dfsg-2	all
python3-referencing	0.36.2-1	all
python3-requests	2.32.3+dfsg-5+deb13u1	all
python3-rfc3339-validator	0.1.4-2	all
python3-rfc3986-validator	0.1.1-2	all
python3-rfc3987	1.3.8-3	all
python3-rich	13.9.4-1	all
python3-rpds-py	0.21.0-2+b1	armhf
python3-rpi-lgpio	0.6-0~rpt1+trixie	all
python3-setuptools-whl	78.1.1-0.1	all
python3-smbus2	0.4.3-1	armhf
python3-spidev	3.6-1+b2	armhf
python3-typeshed	0.0~git20241223.ea91db2-1	all
python3-uc-micro	1.0.3-1	all
python3-uritemplate	4.1.1-3	all
python3-urllib3	2.3.0-3+deb13u2	all
python3-venv	3.13.5-1	armhf
python3-webcolors	1.13-1	all
python3-yaml	6.0.2-1+b1	armhf
python3.13	3.13.5-2+deb13u3	armhf
python3.13-minimal	3.13.5-2+deb13u3	armhf
python3.13-venv	3.13.5-2+deb13u3	armhf
raspberrypi-archive-keyring	2025.1+rpt1	all
raspberrypi-net-mods	1.4.4	all
raspberrypi-sys-mods	1:20260612	armhf
raspbian-archive-keyring	20120528.4	all
raspi-config	20260730	all
raspi-config-core	20260730	all
raspi-copies-and-fills	0.13+git20240318.ee8ac1d-1	armhf
raspi-firmware	1:1.20260521-3	all
raspi-utils	20260626-1	all
raspi-utils-core	20260626-1	armhf
raspi-utils-dt	20260626-1	armhf
raspi-utils-eeprom	20260626-1	armhf
raspi-utils-otp	20260626-1	all
raspinfo	20260626-1	all
readline-common	8.2-6	all
rfkill	2.41.5-0+deb13u1	armhf
rpcsvc-proto	1.4.3-1	armhf
rpi-cloud-init-mods	1:20260119	all
rpi-connect-lite	2.12.2	armhf
rpi-eeprom	28.30-1	all
rpi-keyboard-config	1.0	all
rpi-keyboard-fw-update	1.0.1	all
rpi-loop-utils	1.2.4	all
rpi-swap	1.2.4	all
rpi-systemd-config	1.1.1	all
rpi-update	20230904	all
rpi-usb-gadget	1.0.6	armhf
rpicam-apps-core	1.13.0-1	armhf
rpicam-apps-lite	1.13.0-1	all
rpieepromab	20260626-1	armhf
rpifwcrypto	20260626-1	armhf
rsync	3.4.1+ds1-5+deb13u4	armhf
runit-helper	2.16.4	all
sed	4.9-2+deb13u1	armhf
sensible-utils	0.0.25	all
sgml-base	1.31+nmu1	all
shared-mime-info	2.4-5	armhf
sqv	1.3.0-3	armhf
ssh	1:10.0p1-7+deb13u4	all
ssh-import-id	5.10-3	all
strace	6.13+ds-1	armhf
sudo	1.9.16p2-3+deb13u2	armhf
systemd	257.9-1~deb13u1+rpi1	armhf
systemd-sysv	257.9-1~deb13u1+rpi1	armhf
systemd-timesyncd	257.9-1~deb13u1+rpi1	armhf
systemd-zram-generator	1.2.1-2	armhf
sysvinit-utils	3.14-4	armhf
tailscale	1.102.3	armhf
tailscale-archive-keyring	1.35.181	all
tar	1.35+dfsg-3.1	armhf
traceroute	1:2.1.6-1	armhf
tzdata	2026b-0+deb13u1	all
ucf	3.0052	all
udev	257.9-1~deb13u1+rpi1	armhf
udisks2	2.10.1-12.1+deb13u2	armhf
unzip	6.0-29+deb13u1	armhf
usb-modeswitch	2.6.1-4+b1	armhf
usb-modeswitch-data	20191128-7	all
usbutils	1:018-2	armhf
userconf-pi	0.19	all
util-linux	2.41.5-0+deb13u1	armhf
uuid	1.6.4-1	armhf
v4l-utils	1.30.1-1	armhf
vim-common	2:9.1.1230-2	all
vim-tiny	2:9.1.1230-2	armhf
wget	1.25.0-2	armhf
whiptail	0.52.25-1	armhf
wireless-regdb	2026.05.30-1~deb13u1	all
wireless-tools	30~pre9-18	armhf
wpasupplicant	2:2.10-24	armhf
xauth	1:1.1.2-1.1	armhf
xdg-user-dirs	0.18-2	armhf
xkb-data	2.42-1	all
xml-core	0.19	all
xz-utils	5.8.1-1+deb13u1	armhf
zip	3.0-15+deb13u1	armhf
zlib1g:armhf	1:1.3.dfsg+really1.3.1-1	armhf
zstd	1.5.7+dfsg-1	armhf
